Word Index,Word Form,Surprisal
PSU,1457
0,富有,5.804013
1,责任心,4.065264
2,现在,4.178662
3,就,2.595632
4,申请,4.005545
5,请,4.75163
6,发送,5.244594
7,你,3.920378
8,的,0.9156754
9,简历,5.82591
10,至,3.349454
11,<unk>,Infinity

PSU,1722
0,本人,5.073573
1,有,2.436129
2,特大,4.864564
3,号,3.966347
4,床,4.953609
5,和,2.117412
6,小号,4.853203
7,床,5.493798
8,各,4.0852
9,一,1.56176
10,套,2.100141
11,，,1.870575
12,需要,3.522871
13,可以,3.7785
14,联系,4.143693
15,我,4.145011
16,，,1.692693
17,<unk>,Infinity

