Word Index,Word Form,Surprisal
PIT,477,
0,东方,3.8183
1,责任,5.13804
2,超大,6.461643
3,公寓,5.407543
4,出租,2.926869
5,啦,5.798938
6,！,1.060173
,,
PIT,526,
0,有,2.715695
1,车库,5.391269
2,，,0.6238034
3,车道,5.6266
4,停车,4.407268
5,和,2.236159
6,路边,4.584026
7,停车,2.084048
8,。,1.04405
